industry,term,url
Accounting/Finance,Accounting,https://www.coursera.org/learn/uva-darden-financial-accounting
Accounting/Finance,Accounting,https://www.accounting-degree.org/what-is-accounting/
Accounting/Finance,Accounting,https://www.accountingcoach.com/accounting-basics/explanation
Accounting/Finance,Accounting,https://en.wikipedia.org/wiki/Accounting
Accounting/Finance,Accounting,https://www.accounting.com/
Accounting/Finance,Accounting,https://www.investopedia.com/terms/a/accountant.asp
Accounting/Finance,Accounting,https://www.daveramsey.com/blog/what-is-an-accountant
Accounting/Finance,Accounting,"https://www.indeed.com/q-Accountant-l-Washington,-DC-jobs.html"
Accounting/Finance,Accounting,"https://www.indeed.com/q-Accounting-l-Washington,-DC-jobs.html"
Accounting/Finance,Accounting,https://www.simplyhired.com/search?q=accounting&l=washington%2C+dc
Accounting/Finance,Accounting,https://www.youtube.com/watch?v=x4UJVfnCBms
Accounting/Finance,Accounting,https://www.youtube.com/watch?v=x4UJVfnCBms
Accounting/Finance,Finance,https://www.google.com/finance
Accounting/Finance,Finance,https://finance.yahoo.com/
Accounting/Finance,Finance,https://www.cnbc.com/finance/
Accounting/Finance,Finance,https://www.reuters.com/finance
Accounting/Finance,Finance,https://en.wikipedia.org/wiki/Finance
Accounting/Finance,Finance,https://www.britannica.com/topic/finance
Accounting/Finance,Finance,https://www.investopedia.com/terms/f/financing.asp
Accounting/Finance,Finance,https://www.investopedia.com/ask/answers/what-is-finance/
Accounting/Finance,Finance,https://www.merriam-webster.com/dictionary/finance
Accounting/Finance,Finance,https://www.aol.com/finance/
Accounting/Finance,Accounting Finance,https://smartasset.com/investing/the-difference-between-accounting-and-finance
Accounting/Finance,Accounting Finance,https://www.fiverr.com/sajid8038/help-you-in-projects-of-financial-accounting
Accounting/Finance,Accounting Finance,https://smartasset.com/investing/the-difference-between-accounting-and-finance
Accounting/Finance,Accounting Finance,https://www.topuniversities.com/courses/accounting-finance/accounting-vs-finance-which-should-you-study
Accounting/Finance,Accounting Finance,https://www.accountingedu.org/what-is-financial-accounting.html
Accounting/Finance,Accounting Finance,https://www.investopedia.com/terms/f/financialaccounting.asp
Accounting/Finance,Accounting Finance,https://en.wikipedia.org/wiki/Financial_accounting
Accounting/Finance,Accounting Finance,https://corporatefinanceinstitute.com/resources/careers/jobs/finance-vs-accounting/
Accounting/Finance,Accounting Finance,https://onlinelibrary.wiley.com/journal/1467629x
Accounting/Finance,Accounting Finance,https://www.accounting.com/careers/financial-accounting/
Accounting/Finance,Accounting Finance,https://www.accountingcoach.com/financial-accounting/explanation
Accounting/Finance,Accounting Finance,https://www.wallstreetmojo.com/finance-vs-accounting/
Administrative,Administrative,https://www.merriam-webster.com/dictionary/administrative
Administrative,Administrative,https://dictionary.cambridge.org/us/dictionary/english/administrative
Administrative,Administrative,https://www.vocabulary.com/dictionary/administrative
Administrative,Administrative,https://www.dictionary.com/browse/administrative
Administrative,Administrative,https://www.yourdictionary.com/administrative
Administrative,Administrative,http://www.businessdictionary.com/definition/administrative.html
Administrative,Administrative,https://www.ldoceonline.com/dictionary/administrative
Administrative,Administrative,https://www.collinsdictionary.com/us/dictionary/english/administrative
Administrative,Administrative,https://www.collinsdictionary.com/us/dictionary/english/administrative
Administrative,Administrative,https://www.thefreedictionary.com/administrative
Administrative,Administrative,https://en.wiktionary.org/wiki/administrative
Arts/Entertainment/Publishing,Arts,https://en.wikipedia.org/wiki/Art
Arts/Entertainment/Publishing,Arts,https://www.britannica.com/art/visual-arts
Arts/Entertainment/Publishing,Arts,https://www.britannica.com/topic/the-arts
Arts/Entertainment/Publishing,Arts,https://www.forbes.com/arts/
Arts/Entertainment/Publishing,Arts,https://nmwa.org/
Arts/Entertainment/Publishing,Arts,https://www.cnn.com/style/arts
Arts/Entertainment/Publishing,Arts,http://www.ellingtonschool.org/arts/
Arts/Entertainment/Publishing,Arts,https://www.american.edu/arts/
Arts/Entertainment/Publishing,Arts,https://artsclubofwashington.org/
Arts/Entertainment/Publishing,Entertainment,https://www.eonline.com/news/entertainment
Arts/Entertainment/Publishing,Entertainment,https://www.cnn.com/entertainment
Arts/Entertainment/Publishing,Entertainment,https://www.etonline.com/
Arts/Entertainment/Publishing,Entertainment,https://www.foxnews.com/entertainment
Arts/Entertainment/Publishing,Entertainment,https://people.com/entertainment/
Arts/Entertainment/Publishing,Entertainment,https://www.msn.com/en-us/entertainment
Arts/Entertainment/Publishing,Entertainment,https://washington.org/find-dc-listings/entertainment-nightlife
Arts/Entertainment/Publishing,Entertainment,https://www.eventbrite.com/d/dc--washington/entertainment/
Arts/Entertainment/Publishing,Entertainment,https://www.yelp.com/search?find_desc=entertainment&find_loc=Washington%2C+DC
Arts/Entertainment/Publishing,Publishing,https://en.wikipedia.org/wiki/Publishing
Arts/Entertainment/Publishing,Publishing,https://www.authorsguild.org/member-services/writers-resource-library/self-publishing/
Arts/Entertainment/Publishing,Publishing,https://www.thecreativepenn.com/publishing/
Arts/Entertainment/Publishing,Publishing,http://www.lulu.com/
Arts/Entertainment/Publishing,Publishing,https://www.merriam-webster.com/dictionary/publishing
Arts/Entertainment/Publishing,Publishing,https://www.bookbaby.com/complete-self-publishing-package
Arts/Entertainment/Publishing,Publishing,https://jerryjenkins.com/how-to-publish-a-book/
Arts/Entertainment/Publishing,Publishing,https://www.theguardian.com/books/publishing
Arts/Entertainment/Publishing,Publishing,https://selfpublishing.com/
Arts/Entertainment/Publishing,Publishing,https://www.publishersweekly.com/pw/by-topic/industry-news/index.html
Arts/Entertainment/Publishing,Arts Entertainment Publishing,https://www.indeed.com/q-Arts-Entertainment-Publishing-jobs.html
Arts/Entertainment/Publishing,Arts Entertainment Publishing,https://www.indeed.com/find-jobs.jsp?cat=Arts%2FEntertainment%2FPublishing
Arts/Entertainment/Publishing,Arts Entertainment Publishing,https://store.legal.thomsonreuters.com/law-products/Handbooks/Entertainment-Publishing-and-the-Arts-Handbook-2018-ed/p/106138672
Arts/Entertainment/Publishing,Arts Entertainment Publishing,http://jobsclearinghouse.aee.org/index.php?page=search&action=advanced_search&mult_industries%5B0%5D=Arts%2FEntertainment%2FPublishing&lp=1&job_location_filter=washington%2C+dc%2C+us&job_location_filter_bf=washington%2C+dc%2C+us&position_type_filter=fulltime&position_type_filter_bf=fulltime
Arts/Entertainment/Publishing,Arts Entertainment Publishing,https://jobs.nextcity.org/c-Arts-Entertainment-Publishing-jobs.html
Arts/Entertainment/Publishing,Arts Entertainment Publishing,http://www.jobsxl.com/jobs/arts-entertainment-publishing/
Arts/Entertainment/Publishing,Arts Entertainment Publishing,https://www.amazon.com/Entertainment-Publishing-Handbook-David-Viera/dp/B001VHOU2A
Arts/Entertainment/Publishing,Arts Entertainment Publishing,https://english.uiowa.edu/undergraduate/career-planning/arts-media-entertainmentpublishing
Arts/Entertainment/Publishing,Arts Entertainment Publishing,https://btlaw.com/work/practices/intellectual-property/entertainment-publishing-and-the-arts
Arts/Entertainment/Publishing,Arts Entertainment Publishing,http://careertapp.com/job-titles/2/Arts+Entertainment+Publishing-Jobs-Mobile-Apps
Banking/Loans,Banking,https://www.nerdwallet.com/blog/category/banking/
Banking/Loans,Banking,https://en.wikipedia.org/wiki/Bank
Banking/Loans,Banking,https://www.thebalance.com/what-is-banking-3305812
Banking/Loans,Banking,https://www.bankofamerica.com/
Banking/Loans,Banking,https://www.bankrate.com/banking/
Banking/Loans,Banking,https://www.discover.com/online-banking/
Banking/Loans,Banking,https://millennialmoney.com/what-is-banking/
Banking/Loans,Banking,https://www.tiaabank.com/banking
Banking/Loans,Banking,https://www.usbank.com/online-mobile-banking/online-banking.html
Banking/Loans,Loans,https://www.nerdwallet.com/best/loans/personal-loans/best-personal-loans
Banking/Loans,Loans,https://www.creditkarma.com/shop/personal-loans/
Banking/Loans,Loans,https://www.rocketloans.com/
Banking/Loans,Loans,https://www.credit.com/loans/
Banking/Loans,Loans,https://www.dccreditunion.coop/personal/personal-loans/
Banking/Loans,Loans,https://www.credible.com/personal-loan
Banking/Loans,Loans,https://www.advfcu.org/borrow/consumer-loans/personal-loans.html
Banking/Loans,Loans,https://www.finder.com/washington-dc-payday-loans
Banking/Loans,Loans,https://www.epfcu.org/loans/student-loans.aspx
Banking/Loans,Loans,https://www.avant.com/personal-loans
Banking/Loans,Banking Loans,https://www.wellsfargo.com/personal-credit/
Banking/Loans,Banking Loans,https://www.santanderbank.com/us/personal/borrowing/loans/personal-loans
Banking/Loans,Banking Loans,https://www.nerdwallet.com/best/loans/personal-loans/bank-loans
Banking/Loans,Banking Loans,https://www.suntrust.com/loans/other-loans/unsecured-loans
Banking/Loans,Banking Loans,https://www.pnc.com/en/personal-banking/borrowing/personal-loans-and-lines-of-credit.html
Banking/Loans,Banking Loans,https://www.thebalance.com/banking-4074049
Banking/Loans,Banking Loans,https://www.citizensbank.com/personal-loans/overview.aspx
Banking/Loans,Banking Loans,https://www.firstib.com/personal/borrow/personal-loans/
Banking/Loans,Banking Loans,https://www.discover.com/
Banking/Loans,Banking Loans,https://www.regions.com/personal-banking/personal-loans
Construction/Facilities,Construction,https://en.wikipedia.org/wiki/Construction
Construction/Facilities,Construction,https://www.dpr.com/company/locations/washington-dc
Construction/Facilities,Construction,https://www.constructiondive.com/
Construction/Facilities,Construction,https://www.merriam-webster.com/dictionary/construction
Construction/Facilities,Construction,https://www.construction.com/
Construction/Facilities,Construction,https://www.thebalancesmb.com/construction-4161568
Construction/Facilities,Construction,https://www.bizjournals.com/washington/news/commercial-real-estate/construction
Construction/Facilities,Construction,https://www.bizjournals.com/washington/subscriber-only/2019/08/09/largest-ongoing-construction-projects.html
Construction/Facilities,Construction,https://constructionexec.com/
Construction/Facilities,Construction,https://www.blakereal.com/services/development-construction/
Construction/Facilities,Facilities,https://www.dictionary.com/browse/facilities
Construction/Facilities,Facilities,https://www.merriam-webster.com/dictionary/facility
Construction/Facilities,Facilities,"https://icsid.worldbank.org/en/Pages/services/Facilities-in-Washington,-DC.aspx"
Construction/Facilities,Facilities,https://www.macmillandictionary.com/us/dictionary/american/facility
Construction/Facilities,Facilities,https://en.wikipedia.org/wiki/Facility
Construction/Facilities,Facilities,https://dictionary.cambridge.org/us/dictionary/english/facility
Construction/Facilities,Facilities,"https://www.indeed.com/q-Director-of-Facilities-l-Washington,-DC-jobs.html"
Construction/Facilities,Facilities,https://news.darden.virginia.edu/2017/09/29/new-darden-facilities-washington-dc/
Construction/Facilities,Facilities,https://www.american.edu/recfit/facilities/
Construction/Facilities,Facilities,https://www.vocabulary.com/dictionary/facility
Construction/Facilities,Construction Facilities,https://www.cfm.va.gov/
Construction/Facilities,Construction Facilities,https://www.indeed.com/q-Construction-Facilities-jobs.html
Construction/Facilities,Construction Facilities,https://www.designingbuildings.co.uk/wiki/Site_facilities
Construction/Facilities,Construction Facilities,https://help.smartsheet.com/learning-track/solutions/construction-and-facilities-management
Construction/Facilities,Construction Facilities,https://www.cia.gov/careers/opportunities/support-professional/construction-facilities-project-manager-2013-entry-developmental.html
Construction/Facilities,Construction Facilities,https://www.gsa.gov/buying-selling/products-services/facilities-construction
Construction/Facilities,Construction Facilities,https://www.northwestern.edu/fm/projects/project-process/design-and-construction.html
Construction/Facilities,Construction Facilities,https://study.com/articles/construction_facilities_manager_job_description_salary.html
Construction/Facilities,Construction Facilities,https://ascelibrary.org/doi/10.1061/%28ASCE%29CO.1943-7862.0000841
Construction/Facilities,Construction Facilities,https://cementconcrete.org/buildings/construction-facilities-in-civil-construction-industries/65/
Customer Service,Customer Service,https://en.wikipedia.org/wiki/Customer_service
Customer Service,Customer Service,https://www.zendesk.com/resources/customer-service-skills/
Customer Service,Customer Service,https://www.salesforce.com/ca/blog/2016/11/train-customer-service-team.html
Customer Service,Customer Service,https://en.wikipedia.org/wiki/Customer_service
Customer Service,Customer Service,https://www.salesforce.com/products/service-cloud/what-is-customer-service/
Customer Service,Customer Service,https://www.investopedia.com/terms/c/customer-service.asp
Customer Service,Customer Service,https://www.thebalancesmb.com/rules-for-good-customer-service-2948079
Customer Service,Customer Service,https://www.thebalancesmb.com/providing-excellent-customer-service-2951744
Customer Service,Customer Service,https://www.helpscout.com/blog/customer-service-skills/
Customer Service,Customer Service,https://www.helpscout.com/helpu/customer-service-tips/
Customer Service,Customer Service,https://study.com/academy/lesson/what-is-customer-service-definition-types-role-in-marketing.html
Customer Service,Customer Service,https://study.com/academy/lesson/what-is-customer-service-definition-types-role-in-marketing.html
Customer Service,Customer Service,https://www.thebalancecareers.com/what-is-customer-service-2063347
Education/Training,Education,https://www.education.com/
Education/Training,Education,https://www.ed.gov/
Education/Training,Education,https://en.wikipedia.org/wiki/Education
Education/Training,Education,https://www.britannica.com/topic/education
Education/Training,Education,https://mobile.edweek.org/index.jsp?DISPATCHED=true
Education/Training,Education,https://www.edweek.org/ew/index.html
Education/Training,Education,https://www.psychologytoday.com/us/basics/education
Education/Training,Education,https://www.nytimes.com/section/education
Education/Training,Education,https://www.forbes.com/education/
Education/Training,Training,https://en.wikipedia.org/wiki/Training
Education/Training,Training,https://www.merriam-webster.com/dictionary/training
Education/Training,Training,https://trainingmag.com/
Education/Training,Training,https://home.kpmg/tr/en/home/careers/life-at-kpmg/training-and-improvement-opportunities.html
Education/Training,Training,https://trainingindustry.com/
Education/Training,Training,https://www.dictionary.com/browse/training
Education/Training,Training,https://en.wiktionary.org/wiki/training
Education/Training,Training,https://dictionary.cambridge.org/us/dictionary/english/training
Education/Training,Training,https://teachercenter.withgoogle.com/training
Education/Training,Training,https://www.thesaurus.com/browse/training
Education/Training,Training,https://www.microsoft.com/en-us/learning/training.aspx
Education/Training,Education Training,https://careerwise.minnstate.edu/careers/education.html
Education/Training,Education Training,https://www.emerald.com/insight/publication/issn/0040-0912
Education/Training,Education Training,https://www.emeraldgrouppublishing.com/et.htm
Education/Training,Education Training,https://elearningindustry.com/education-and-training-what-is-the-difference
Education/Training,Education Training,https://teachercenter.withgoogle.com/
Education/Training,Education Training,https://teachercenter.withgoogle.com/training
Education/Training,Education Training,https://www.onetonline.org/find/career?c=5
Education/Training,Education Training,https://www.scimagojr.com/journalsearch.php?q=144960&tip=sid
Education/Training,Education Training,http://www.naco.org/resources/education-training
Engineering/Architecture,Engineering,https://www.engineering.com/
Engineering/Architecture,Engineering,https://en.wikipedia.org/wiki/Engineering
Engineering/Architecture,Engineering,https://www.livescience.com/47499-what-is-engineering.html
Engineering/Architecture,Engineering,https://www.britannica.com/technology/engineering
Engineering/Architecture,Engineering,https://www.youtube.com/watch?v=bipTWWHya8A
Engineering/Architecture,Engineering,https://www.youtube.com/watch?v=bipTWWHya8A
Engineering/Architecture,Engineering,https://typesofengineeringdegrees.org/
Engineering/Architecture,Engineering,https://www.merriam-webster.com/dictionary/engineering
Engineering/Architecture,Engineering,https://www.internationalstudent.com/study-engineering/what-is-engineering/
Engineering/Architecture,Engineering,https://www.linkedin.com/jobs/engineering-jobs-washington-dc
Engineering/Architecture,Engineering,https://www.seas.gwu.edu/departments
Engineering/Architecture,Architecture,https://www.dezeen.com/2018/06/15/zaha-hadid-architects-morpheus-hotel-in-macau-architecture/
Engineering/Architecture,Architecture,https://en.wikipedia.org/wiki/Architecture
Engineering/Architecture,Architecture,https://www.architecturaldigest.com/architecture-design
Engineering/Architecture,Architecture,https://www.britannica.com/topic/architecture
Engineering/Architecture,Architecture,https://www.merriam-webster.com/dictionary/architecture
Engineering/Architecture,Architecture,https://www.designboom.com/architecture/
Engineering/Architecture,Architecture,https://www.dezeen.com/tag/washington-dc/
Engineering/Architecture,Architecture,https://www.dictionary.com/browse/architecture
Engineering/Architecture,Architecture,https://dc.curbed.com/maps/washington-dc-architecture-neoclassical
Engineering/Architecture,Architecture,https://design-milk.com/category/architecture/
Engineering/Architecture,Architecture,http://coredc.com/
Engineering/Architecture,Engineering Architecture,https://www.topuniversities.com/blog/architecture-versus-architectural-engineering
Engineering/Architecture,Engineering Architecture,https://en.wikipedia.org/wiki/Architectural_engineering
Engineering/Architecture,Engineering Architecture,https://www.caee.utexas.edu/architectural/whatisarche
Engineering/Architecture,Engineering Architecture,https://www.ae.psu.edu/academics/what-is-architectural-engineering.aspx
Engineering/Architecture,Engineering Architecture,https://www.youtube.com/watch?v=-8sucrV14_c
Engineering/Architecture,Engineering Architecture,https://www.youtube.com/watch?v=-8sucrV14_c
Engineering/Architecture,Engineering Architecture,https://www.k-state.edu/careercenter/students/exploration/majorin/archengineering.html
Engineering/Architecture,Engineering Architecture,https://www.topuniversities.com/blog/architecture-versus-architectural-engineering
Engineering/Architecture,Engineering Architecture,https://alltogether.swe.org/2019/02/day-in-the-life-of-an-architectural-engineer/
Engineering/Architecture,Engineering Architecture,https://tryengineering.org/profile/architectural-engineering/
Engineering/Architecture,Engineering Architecture,https://www.teachengineering.org/lessons/view/cub_intro_lesson03
Engineering/Architecture,Engineering Architecture,https://newschoolarch.edu/academics/school-of-architecture-and-cm/infographic-architecture-vs-engineering/
Government/Military,Government,https://en.wikipedia.org/wiki/Government
Government/Military,Government,https://www.usa.gov/
Government/Military,Government,https://en.wikipedia.org/wiki/Government
Government/Military,Government,https://www.merriam-webster.com/dictionary/government
Government/Military,Government,https://www.britannica.com/topic/government
Government/Military,Government,https://www.whitehouse.gov/about-the-white-house/our-government/
Government/Military,Government,https://www.openthegovernment.org/
Government/Military,Government,https://www.loudoun.gov/27/Government
Government/Military,Government,https://dc.gov/
Government/Military,Government,https://dc.gov/page/government-resource-center
Government/Military,Government,https://www.worldatlas.com/articles/what-type-of-government-does-the-united-states-have.html
Government/Military,Military,https://www.military.com/
Government/Military,Military,https://vyondiverse.fandom.com/wiki/United_States_Armed_Forces_(VSU)
Government/Military,Military,https://www.defense.gov/Our-Story/Our-Forces/
Government/Military,Military,https://www.militarytimes.com/
Government/Military,Military,https://en.wikipedia.org/wiki/Military
Government/Military,Military,https://www.todaysmilitary.com/about-military
Government/Military,Military,https://www.todaysmilitary.com/about-military/service-branches
Government/Military,Military,https://www.youtube.com/channel/UC7F2QS7wk6Eq9Z4uabl5rmg
Government/Military,Military,https://www.foxnews.com/category/us/military
Government/Military,Military,https://www.merriam-webster.com/dictionary/military
Government/Military,Government Military,https://en.wikipedia.org/wiki/Military_government
Government/Military,Government Military,https://en.wikipedia.org/wiki/Military_government
Government/Military,Government Military,https://history.army.mil/books/wwii/MacArthur%20Reports/MacArthur%20V1%20Sup/ch7.htm
Government/Military,Government Military,https://en.wikipedia.org/wiki/Stratocracy
Government/Military,Government Military,https://www.usa.gov/military-and-veterans
Government/Military,Government Military,https://www.usa.gov/federal-agencies/u-s-army
Government/Military,Government Military,https://www.defense.gov/
Government/Military,Government Military,https://www.darpa.mil/work-with-us/for-government-and-military
Government/Military,Government Military,https://www.govx.com/
Government/Military,Government Military,https://www.govvacationrewards.com/
Government/Military,Government Military,https://www.afcea.org/site/?q=Military-Gvpt_Membership
Healthcare,Healthcare,https://www.healthcare.gov/
Healthcare,Healthcare,https://en.wikipedia.org/wiki/Health_care
Healthcare,Healthcare,https://www.uhc.com/individual-and-family
Healthcare,Healthcare,https://www.healthcaredive.com/
Healthcare,Healthcare,https://www.whitehouse.gov/issues/healthcare/
Computer/Internet,Computer,https://www.bestbuy.com/site/electronics/computers-pcs/abcat0500000.c?id=abcat0500000
Computer/Internet,Computer,https://en.wikipedia.org/wiki/Computer
Computer/Internet,Computer,https://www.amazon.com/computer-pc-hardware-accessories-add-ons/b?ie=UTF8&node=541966
Computer/Internet,Computer,https://www.newegg.com/Computer-Systems/Store/ID-3
Computer/Internet,Computer,https://www.walmart.com/cp/computers/3951
Computer/Internet,Computer,https://www.costco.com/computers.html
Computer/Internet,Computer,https://www.staples.com/Laptops-Computers/cat_SC3
Computer/Internet,Computer,https://washingtondc.craigslist.org/search/sya
Computer/Internet,Computer,https://www.american.edu/cas/cs/
Computer/Internet,Internet,https://en.wikipedia.org/wiki/Internet
Computer/Internet,Internet,https://www.highspeedinternet.com/dc/washington
Computer/Internet,Internet,https://www.xfinity.com/locations/district-of-columbia/washington/internet-service
Computer/Internet,Internet,https://www.rcn.com/dc-metro/high-speed-internet/
Computer/Internet,Internet,https://www.dcaccess.net/
Computer/Internet,Internet,https://www.atlantech.net/blog/6-best-internet-service-providers-in-washington-dc
Computer/Internet,Internet,https://www.att.com/internet/
Computer/Internet,Internet,https://www.allconnect.com/internet/cheap
Computer/Internet,Internet,https://www.britannica.com/technology/Internet
Computer/Internet,Internet,https://www.internetsociety.org/internet/history-internet/brief-history-internet/
Computer/Internet,Computer Internet,https://www.computerhope.com/jargon/i/internet.htm
Computer/Internet,Computer Internet,https://edu.gcfglobal.org/en/computerbasics/connecting-to-the-internet/1/
Computer/Internet,Computer Internet,https://edu.gcfglobal.org/en/computerbasics/connecting-to-the-internet/1/
Computer/Internet,Computer Internet,https://www.lifewire.com/connecting-a-computer-to-the-internet-817763
Computer/Internet,Computer Internet,https://www.computerhope.com/jargon/i/internet.htm
Computer/Internet,Computer Internet,https://www.youtube.com/watch?v=hMX6dVa61t0
Computer/Internet,Computer Internet,https://www.youtube.com/watch?v=hMX6dVa61t0
Computer/Internet,Computer Internet,https://en.wikibooks.org/wiki/Introduction_to_Computer_Information_Systems/Internet
Computer/Internet,Computer Internet,https://en.wikipedia.org/wiki/Internet
Computer/Internet,Computer Internet,https://en.wikipedia.org/wiki/Internet_access
Computer/Internet,Computer Internet,https://www.dummies.com/computers/computer-networking/internet-access/how-to-configure-your-computer-to-connect-to-dsl-or-cable-internet/
Computer/Internet,Computer Internet,https://smallbusiness.chron.com/connect-new-computer-internet-utilizing-ethernet-cable-52500.html
Computer/Internet,Computer Internet,https://www.makeuseof.com/tag/tethering-use-mobile-internet-pc/
Hospitality/Travel,Hospitality,https://www.merriam-webster.com/dictionary/hospitality
Hospitality/Travel,Hospitality,https://en.wikipedia.org/wiki/Hospitality
Hospitality/Travel,Hospitality,https://en.wikipedia.org/wiki/Hospitality_industry
Hospitality/Travel,Hospitality,https://www.dictionary.com/browse/hospitality
Hospitality/Travel,Hospitality,https://sevenrooms.com/en/blog/what-is-hospitality/
Hospitality/Travel,Hospitality,https://hotelschool.nl/en/research/focus-hospitality
Hospitality/Travel,Hospitality,https://www.hospitalitynet.org/
Hospitality/Travel,Hospitality,https://www.socialtables.com/blog/hospitality/what-does-hospitality-mean/
Hospitality/Travel,Hospitality,https://www.macmillandictionary.com/us/dictionary/american/hospitality
Hospitality/Travel,Hospitality,https://www.thebalancecareers.com/hospitality-job-titles-2061496
Hospitality/Travel,Hospitality,https://hospitalitytech.com/
Hospitality/Travel,Travel,https://www.expedia.com/
Hospitality/Travel,Travel,https://www.travelocity.com/
Hospitality/Travel,Travel,https://www.travelandleisure.com/trip-ideas/best-places-to-travel-in-2019
Hospitality/Travel,Travel,https://www.smartertravel.com/destinations/
Hospitality/Travel,Travel,https://www.kayak.com/deals
Hospitality/Travel,Travel,https://en.wikipedia.org/wiki/Travel
Hospitality/Travel,Travel,https://wa.aaa.com/travel/travel-center
Hospitality/Travel,Travel,https://www.costcotravel.com/
Hospitality/Travel,Travel,https://www.nytimes.com/section/travel
Hospitality/Travel,Travel,https://www.usatoday.com/travel/
Hospitality/Travel,Hospitality Travel,https://en.wikipedia.org/wiki/Hospitality_industry
Hospitality/Travel,Hospitality Travel,https://www.indeed.com/q-Hospitality-Travel-jobs.html
Hospitality/Travel,Hospitality Travel,https://globaledge.msu.edu/industries/hospitality-and-travel
Hospitality/Travel,Hospitality Travel,https://www.revfine.com/hospitality-industry/
Hospitality/Travel,Hospitality Travel,https://www.socap.org/knowledge-resources/industries/hospitality-travel-tourism
Hospitality/Travel,Hospitality Travel,https://www2.deloitte.com/us/en/pages/consumer-business/articles/travel-hospitality-industry-outlook.html
Hospitality/Travel,Hospitality Travel,https://www.flexjobs.com/jobs/travel-hospitality
Hospitality/Travel,Hospitality Travel,http://www.outsourcing-law.com/industries/travel-and-hospitality-industry/
Hospitality/Travel,Hospitality Travel,https://www.hospitalitynet.org/opinion/4082318.html
Hospitality/Travel,Hospitality Travel,https://www.edelman.com/expertise/travel-hospitality
Human Resources,Human Resources,https://en.wikipedia.org/wiki/Human_resources
Human Resources,Human Resources,https://www.thebalancecareers.com/what-is-a-human-resource-1918144
Human Resources,Human Resources,https://dchr.dc.gov/
Human Resources,Human Resources,"https://www.indeed.com/q-HR-l-Washington,-DC-jobs.html"
Human Resources,Human Resources,https://www.linkedin.com/jobs/human-resources-jobs-washington-dc
Human Resources,Human Resources,https://www.simplyhired.com/search?q=human+resources&l=washington%2C+dc
Human Resources,Human Resources,"https://www.glassdoor.com/Job/washington-hr-jobs-SRCH_IL.0,10_IC1138213_KO11,13.htm"
Human Resources,Human Resources,https://www.aledoisd.org/domain/27
Human Resources,Human Resources,https://www.humanresourcesedu.org/what-is-human-resources/
Human Resources,Human Resources,https://www.american.edu/hr/
Human Resources,Human Resources,https://www.bls.gov/ooh/management/human-resources-managers.htm
Insurance,Insurance,https://www.statefarm.com/insurance
Insurance,Insurance,https://www.farmers.com/
Insurance,Insurance,https://www.insurance.com/
Insurance,Insurance,https://www.esurance.com/
Insurance,Insurance,https://www.thegeneral.com/quote/
Insurance,Insurance,https://www.allstate.com/
Insurance,Insurance,https://www.progressive.com/
Insurance,Insurance,https://www.geico.com/
Insurance,Insurance,https://www.iii.org/article/what-auto-insurance
Insurance,Insurance,https://www.libertymutual.com/
Law Enforcement/Security,Law Enforcement,https://en.wikipedia.org/wiki/Law_enforcement
Law Enforcement/Security,Law Enforcement,https://www.govtech.com/public-safety/Report-As-Tech-Changes-Law-Enforcement-Its-Workforce-Must-Adapt.html
Law Enforcement/Security,Law Enforcement,https://www.bjs.gov/index.cfm?ty=tp&tid=7
Law Enforcement/Security,Law Enforcement,https://www.fbi.gov/resources/law-enforcement
Law Enforcement/Security,Law Enforcement,http://www.ncsl.org/research/civil-and-criminal-justice/law-enforcement.aspx
Law Enforcement/Security,Law Enforcement,https://www.dea.gov/law-enforcement
Law Enforcement/Security,Law Enforcement,https://www.thebalancecareers.com/law-enforcement-vs-policing-974604
Law Enforcement/Security,Law Enforcement,https://www.washingtonexaminer.com/tag/law-enforcement
Law Enforcement/Security,Law Enforcement,https://www.merriam-webster.com/dictionary/law%20enforcement
Law Enforcement/Security,Law Enforcement,https://mpdc.dc.gov/page/covered-federal-law-enforcement-agencies
Law Enforcement/Security,Law Enforcement,https://mpdc.dc.gov/
Law Enforcement/Security,Security,https://www.merriam-webster.com/dictionary/security
Law Enforcement/Security,Security,https://en.wikipedia.org/wiki/Security
Law Enforcement/Security,Security,"https://www.indeed.com/q-Security-l-Washington,-DC-jobs.html"
Law Enforcement/Security,Security,https://washingtondc.craigslist.org/search/sec
Law Enforcement/Security,Security,https://www.wired.com/category/security/
Law Enforcement/Security,Security,https://www.comptia.org/certifications/security
Law Enforcement/Security,Security,https://www.cnas.org/
Law Enforcement/Security,Security,https://myaccount.google.com/intro/security
Law Enforcement/Security,Security,https://www.securitymagazine.com/
Law Enforcement/Security,Security,https://www.networkworld.com/category/security
Law Enforcement/Security,Law Enforcement Security,https://www.indeed.com/q-Law-Enforcement-Security-jobs.html
Law Enforcement/Security,Law Enforcement Security,https://www.indeed.com/find-jobs.jsp?cat=Law+Enforcement%2FSecurity
Law Enforcement/Security,Law Enforcement Security,https://www.doi.gov/oles
Law Enforcement/Security,Law Enforcement Security,https://www.dhs.gov/law-enforcement
Law Enforcement/Security,Law Enforcement Security,https://www.navy.com/careers/law-enforcement-security
Law Enforcement/Security,Law Enforcement Security,http://aprotectiveservices.com/private-security-vs-public-law-enforcement/
Law Enforcement/Security,Law Enforcement Security,https://www.iacpcybercenter.org/topics/it-security/
Law Enforcement/Security,Law Enforcement Security,https://www.snagajob.com/search/q-law+enforcement+security
Law Enforcement/Security,Law Enforcement Security,https://mises.org/wire/law-enforcement-not-same-thing-security
Law Enforcement/Security,Law Enforcement Security,https://www.supercircuits.com/law-enforcement
Legal,Legal,https://www.legalzoom.com/
Legal,Legal,https://www.merriam-webster.com/dictionary/legal
Legal,Legal,https://www.dictionary.com/browse/legal
Legal,Legal,https://www.ldoceonline.com/dictionary/legal
Legal,Legal,https://dictionary.cambridge.org/us/dictionary/english/legal
Legal,Legal,https://en.wiktionary.org/wiki/legal
Legal,Legal,https://www.definitions.net/definition/legal
Legal,Legal,https://www.politico.com/tag/legal
Legal,Legal,https://legaldictionary.net/
Legal,Legal,https://www.nolo.com/legal-encyclopedia
Manufacturing/Mechanical,Manufacturing,https://en.wikipedia.org/wiki/Manufacturing
Manufacturing/Mechanical,Manufacturing,"https://www.indeed.com/q-Manufacturing-l-Washington,-DC-jobs.html"
Manufacturing/Mechanical,Manufacturing,https://www.manufacturing.net/
Manufacturing/Mechanical,Manufacturing,https://www.britannica.com/technology/manufacturing
Manufacturing/Mechanical,Manufacturing,https://www.manufacturingusa.com/
Manufacturing/Mechanical,Manufacturing,https://www.shopify.com/encyclopedia/manufacturing
Manufacturing/Mechanical,Manufacturing,https://www.nam.org/facts-about-manufacturing/
Manufacturing/Mechanical,Manufacturing,https://www.forbes.com/manufacturing/
Manufacturing/Mechanical,Manufacturing,https://www.oberlo.com/ecommerce-wiki/manufacturing
Manufacturing/Mechanical,Manufacturing,https://www.investopedia.com/terms/m/manufacturing.asp
Manufacturing/Mechanical,Mechanical,https://en.wikipedia.org/wiki/Mechanical
Manufacturing/Mechanical,Mechanical,https://slayd.arxiv.uz/index.php?do=files&op=download&fileid=60459
Manufacturing/Mechanical,Mechanical,https://en.wikipedia.org/wiki/Mechanical_engineering
Manufacturing/Mechanical,Mechanical,https://www.merriam-webster.com/dictionary/mechanical
Manufacturing/Mechanical,Mechanical,https://me.columbia.edu/what-mechanical-engineering
Manufacturing/Mechanical,Mechanical,https://www.mtu.edu/mechanical/engineering/
Manufacturing/Mechanical,Mechanical,https://en.wiktionary.org/wiki/mechanical
Manufacturing/Mechanical,Mechanical,https://www.britannica.com/technology/mechanical-engineering
Manufacturing/Mechanical,Mechanical,https://engineering.catholic.edu/mechanical/index.html
Manufacturing/Mechanical,Mechanical,https://www.creaform-engineering.com/en/expertises/engineering/mechanical-engineering
Manufacturing/Mechanical,Mechanical,https://www.bls.gov/ooh/architecture-and-engineering/mechanical-engineers.htm
Manufacturing/Mechanical,Manufacturing Mechanical,https://mime.oregonstate.edu/what-do-manufacturing-engineers-do
Manufacturing/Mechanical,Manufacturing Mechanical,https://en.wikipedia.org/wiki/Manufacturing_engineering
Manufacturing/Mechanical,Manufacturing Mechanical,https://mime.oregonstate.edu/what-do-manufacturing-engineers-do
Manufacturing/Mechanical,Manufacturing Mechanical,https://www.indeed.com/q-Manufacturing-Mechanical-Engineer-jobs.html
Manufacturing/Mechanical,Manufacturing Mechanical,https://www.indeed.com/q-Manufacturing-Mechanical-jobs.html
Manufacturing/Mechanical,Manufacturing Mechanical,"https://www.glassdoor.com/Salaries/manufacturing-mechanical-engineer-salary-SRCH_KO0,33.htm"
Manufacturing/Mechanical,Manufacturing Mechanical,https://www.engineering.unsw.edu.au/mechanical-engineering/study-with-us/types-of-mechanical-and-manufacturing-engineering/manufacturing-engineering
Manufacturing/Mechanical,Manufacturing Mechanical,https://www.engineering.unsw.edu.au/mechanical-engineering/study-with-us/types-of-mechanical-and-manufacturing-engineering
Manufacturing/Mechanical,Manufacturing Mechanical,https://www.youtube.com/watch?v=iNER15OhVLw
Manufacturing/Mechanical,Manufacturing Mechanical,https://www.youtube.com/watch?v=iNER15OhVLw
Manufacturing/Mechanical,Manufacturing Mechanical,https://www.youtube.com/watch?v=2MgSsXGzJG0
Manufacturing/Mechanical,Manufacturing Mechanical,https://www.youtube.com/watch?v=2MgSsXGzJG0
Manufacturing/Mechanical,Manufacturing Mechanical,https://study.com/articles/mechanical_engineer_vs_manufacturing_engineer.html
Marketing/Advertising/PR,Marketing,https://sloanreview.mit.edu/article/10-principles-of-modern-marketing/
Marketing/Advertising/PR,Marketing,https://en.wikipedia.org/wiki/Marketing
Marketing/Advertising/PR,Marketing,https://blog.hubspot.com/marketing/what-is-marketing
Marketing/Advertising/PR,Marketing,https://www.investopedia.com/terms/m/marketing.asp
Marketing/Advertising/PR,Marketing,https://www.thebalancesmb.com/what-is-marketing-2296057
Marketing/Advertising/PR,Marketing,https://marketinginsidergroup.com/strategy/what-is-marketing/
Marketing/Advertising/PR,Marketing,https://www.ama.org/the-definition-of-marketing-what-is-marketing/
Marketing/Advertising/PR,Marketing,http://www.businessdictionary.com/definition/marketing.html
Marketing/Advertising/PR,Marketing,https://marketingland.com/
Marketing/Advertising/PR,Marketing,"https://www.indeed.com/q-Marketing-l-Washington,-DC-jobs.html"
Marketing/Advertising/PR,Marketing,https://www.simplyhired.com/search?q=marketing&l=washington%2C+dc
Marketing/Advertising/PR,Advertising,http://www.maz.co.zw/publications/blog/key-elements-advertising-brief
Marketing/Advertising/PR,Advertising,https://en.wikipedia.org/wiki/Advertising
Marketing/Advertising/PR,Advertising,https://adage.com/
Marketing/Advertising/PR,Advertising,https://blog.hubspot.com/marketing/advertising
Marketing/Advertising/PR,Advertising,https://economictimes.indiatimes.com/definition/advertising
Marketing/Advertising/PR,Advertising,https://www.entrepreneur.com/encyclopedia/advertising
Marketing/Advertising/PR,Advertising,https://www.dictionary.com/browse/advertising
Marketing/Advertising/PR,Advertising,https://clutch.co/agencies/washington-dc
Marketing/Advertising/PR,Advertising,https://www.expertise.com/dc/washington/advertising-agencies
Marketing/Advertising/PR,Advertising,https://www.outfrontmedia.com/whereweare/markets/pages/washington-dc.aspx
Marketing/Advertising/PR,Advertising,https://www.britannica.com/topic/advertising
Marketing/Advertising/PR,PR,https://en.wikipedia.org/wiki/Public_relations
Marketing/Advertising/PR,PR,https://en.wikipedia.org/wiki/PR
Marketing/Advertising/PR,PR,https://blog.hubspot.com/marketing/public-relations-definition
Marketing/Advertising/PR,PR,https://www.forbes.com/sites/robertwynne/2016/01/21/five-things-everyone-should-know-about-public-relations/
Marketing/Advertising/PR,PR,https://www.prsa.org/about/all-about-pr
Marketing/Advertising/PR,PR,https://blog.influenceandco.com/what-is-public-relations
Marketing/Advertising/PR,PR,https://www.marketingdonut.co.uk/pr/pr-opportunities/what-is-pr
Marketing/Advertising/PR,PR,https://www.pr.com/
Marketing/Advertising/PR,PR,https://www.prdaily.com/Main/Home.aspx
Marketing/Advertising/PR,Marketing Advertising PR,https://targetjobs.co.uk/career-sectors/marketing-advertising-and-pr/414074-whats-the-difference-between-marketing-advertising-and-pr
Marketing/Advertising/PR,Marketing Advertising PR,https://targetjobs.co.uk/career-sectors/marketing-advertising-and-pr/414074-whats-the-difference-between-marketing-advertising-and-pr
Marketing/Advertising/PR,Marketing Advertising PR,https://ohiostate.pressbooks.pub/stratcommwriting/chapter/public-relations-vs-marketing-vs-advertising/
Marketing/Advertising/PR,Marketing Advertising PR,https://blog.toggl.com/marketing-vs-advertising-vs-pr/
Marketing/Advertising/PR,Marketing Advertising PR,https://www.themuse.com/advice/the-difference-between-marketing-and-pr
Marketing/Advertising/PR,Marketing Advertising PR,https://publicrelationssydney.com.au/pr-marketing-whats-difference/
Marketing/Advertising/PR,Marketing Advertising PR,https://www.allaboutcareers.com/careers/industry/advertising-marketing-pr
Marketing/Advertising/PR,Marketing Advertising PR,http://www.sammisochoa.com/pr-vs-marketing-vs-advertising/
Marketing/Advertising/PR,Marketing Advertising PR,https://heartifb.com/the-difference-between-pr-marketing-and-advertising/
Marketing/Advertising/PR,Marketing Advertising PR,https://www.indeed.com/q-Marketing-Advertising-PR-jobs.html
Marketing/Advertising/PR,Marketing Advertising PR,https://smallbusiness.chron.com/difference-between-marketing-advertising-public-relations-sales-promotion-22873.html
Non-Profit/Volunteering,Non-Profit,https://en.wikipedia.org/wiki/Nonprofit_organization
Non-Profit/Volunteering,Non-Profit,https://www.councilofnonprofits.org/what-is-a-nonprofit
Non-Profit/Volunteering,Non-Profit,https://grantspace.org/resources/knowledge-base/starting-a-nonprofit/
Non-Profit/Volunteering,Non-Profit,https://topnonprofits.com/lists/best-nonprofits-on-the-web/
Non-Profit/Volunteering,Non-Profit,https://www.investopedia.com/terms/n/non-profitorganization.asp
Non-Profit/Volunteering,Non-Profit,https://www.guidestar.org/NonprofitDirectory.aspx
Non-Profit/Volunteering,Non-Profit,https://www.usa.gov/start-nonprofit
Non-Profit/Volunteering,Non-Profit,https://www.law.cornell.edu/wex/non-profit_organizations
Non-Profit/Volunteering,Non-Profit,https://greatnonprofits.org/city/washington/DC
Non-Profit/Volunteering,Non-Profit,https://www.simplyhired.com/search?q=nonprofit&l=washington%2C+dc
Non-Profit/Volunteering,Volunteering,https://en.wikipedia.org/wiki/Volunteering
Non-Profit/Volunteering,Volunteering,https://www.washingtonpost.com/express/2019/01/02/ways-volunteer-dc/
Non-Profit/Volunteering,Volunteering,https://www.washingtonpost.com/goingoutguide/25-ways-to-volunteer/2011/07/26/gIQAJbQZ8I_story.html
Non-Profit/Volunteering,Volunteering,"https://www.volunteermatch.org/search?l=Washington,%20DC,%20USA"
Non-Profit/Volunteering,Volunteering,https://www.volunteermatch.org/
Non-Profit/Volunteering,Volunteering,https://brightestyoungthings.com/articles/d-c-volunteering-guide
Non-Profit/Volunteering,Volunteering,http://dcrefined.com/city-living/7-organizations-in-dc-where-you-can-volunteer
Non-Profit/Volunteering,Volunteering,https://volunteer.leadercenter.org/
Non-Profit/Volunteering,Volunteering,https://www.helpguide.org/articles/healthy-living/volunteering-and-its-surprising-benefits.htm
Non-Profit/Volunteering,Volunteering,https://www.redcross.org/local/washington-dc/volunteer.html
Non-Profit/Volunteering,Non-Profit Volunteering,https://www.givegab.com/opportunities
Non-Profit/Volunteering,Non-Profit Volunteering,https://www.councilofnonprofits.org/tools-resources/volunteers
Non-Profit/Volunteering,Non-Profit Volunteering,https://www.learnhowtobecome.org/career-resource-center/volunteer-and-nonprofit-careers/
Non-Profit/Volunteering,Non-Profit Volunteering,https://www.volunteermatch.org/search/orgs.jsp
Non-Profit/Volunteering,Non-Profit Volunteering,https://www.washingtonpost.com/goingoutguide/25-ways-to-volunteer/2011/07/26/gIQAJbQZ8I_story.html
Non-Profit/Volunteering,Non-Profit Volunteering,https://www.washingtonpost.com/express/2019/01/02/ways-volunteer-dc/
Non-Profit/Volunteering,Non-Profit Volunteering,https://wiredimpact.com/blog/websites-to-help-you-find-volunteer-opportunities/
Non-Profit/Volunteering,Non-Profit Volunteering,https://grantspace.org/resources/knowledge-base/recruiting-and-managing-volunteers/
Non-Profit/Volunteering,Non-Profit Volunteering,https://www.moneycrashers.com/good-places-volunteer-opportunities-organizations/
Non-Profit/Volunteering,Non-Profit Volunteering,https://www.catchafire.org/
Pharmaceutical/Bio-tech,Pharmaceutical,https://en.wikipedia.org/wiki/Pharmaceutical_industry
Pharmaceutical/Bio-tech,Pharmaceutical,https://www.merriam-webster.com/dictionary/pharmaceutical
Pharmaceutical/Bio-tech,Pharmaceutical,https://www.britannica.com/technology/pharmaceutical
Pharmaceutical/Bio-tech,Pharmaceutical,https://www.phrma.org/en
Pharmaceutical/Bio-tech,Pharmaceutical,https://www.getreskilled.com/pharmaceutical-career/
Pharmaceutical/Bio-tech,Pharmaceutical,https://www.fpm.org.uk/aboutus/whatispharmamed
Pharmaceutical/Bio-tech,Pharmaceutical,https://www.who.int/topics/pharmaceutical_products/en/
Pharmaceutical/Bio-tech,Pharmaceutical,https://www.definitions.net/definition/pharmaceutical
Pharmaceutical/Bio-tech,Pharmaceutical,https://www.sciencedaily.com/terms/pharmaceutical_company.htm
Pharmaceutical/Bio-tech,Pharmaceutical,https://pharmaceuticalcommerce.com/
Pharmaceutical/Bio-tech,Bio-tech,https://www.icgeb.org/science/plant-biology-and-biotechnology/
Pharmaceutical/Bio-tech,Bio-tech,https://www.biotechpharmacal.com/
Pharmaceutical/Bio-tech,Bio-tech,https://www.biotechpharmacal.com/collections/vitamins
Pharmaceutical/Bio-tech,Bio-tech,https://www.bio.org/what-biotechnology
Pharmaceutical/Bio-tech,Bio-tech,https://www.bio.org/
Pharmaceutical/Bio-tech,Bio-tech,https://en.wikipedia.org/wiki/Biotechnology
Pharmaceutical/Bio-tech,Bio-tech,https://www.amazon.com/Bio-Tech-Pharmacal-D3-50-100-Count/dp/B000A0F2B2
Pharmaceutical/Bio-tech,Bio-tech,"https://www.indeed.com/q-Biotech-l-Washington,-DC-jobs.html"
Pharmaceutical/Bio-tech,Bio-tech,https://www.vabiotech.com/biotech-one
Pharmaceutical/Bio-tech,Bio-tech,https://www.simplyhired.com/search?q=biotech&l=washington%2C+dc
Pharmaceutical/Bio-tech,Pharmaceutical Bio-tech,https://www.biotechpharmacal.com/
Pharmaceutical/Bio-tech,Pharmaceutical Bio-tech,https://www.investopedia.com/ask/answers/033115/what-difference-between-biotechnology-company-and-pharmaceutical-company.asp
Pharmaceutical/Bio-tech,Pharmaceutical Bio-tech,https://www.biospace.com/article/biotech-vs-big-pharma-which-is-the-better-place-to-work-/
Pharmaceutical/Bio-tech,Pharmaceutical Bio-tech,https://www.biospace.com/article/top-10-best-selling-biotech-drugs-/
Pharmaceutical/Bio-tech,Pharmaceutical Bio-tech,https://www.alacrita.com/blog/whats-difference-biotech-pharma
Pharmaceutical/Bio-tech,Pharmaceutical Bio-tech,https://online.husson.edu/biotech-and-biopharma/
Pharmaceutical/Bio-tech,Pharmaceutical Bio-tech,https://www.genengnews.com/magazine/208/top-biotech-pharma-companies/
Pharmaceutical/Bio-tech,Pharmaceutical Bio-tech,https://www.ncbi.nlm.nih.gov/pmc/articles/PMC3525971/
Pharmaceutical/Bio-tech,Pharmaceutical Bio-tech,https://www.smithhanley.com/2018/09/27/difference-between-biotech-pharma/
Real Estate,Real Estate,https://en.wikipedia.org/wiki/Real_estate
Real Estate,Real Estate,https://www.realtor.com/
Real Estate,Real Estate,https://www.realtor.com/realestateandhomes-search/Washington_DC
Real Estate,Real Estate,https://www.zillow.com/
Real Estate,Real Estate,https://www.investopedia.com/terms/r/realestate.asp
Real Estate,Real Estate,https://www.redfin.com/city/12839/DC/Washington-DC
Real Estate,Real Estate,https://www.trulia.com/DC/Washington/
Real Estate,Real Estate,http://www.remax.com/
Real Estate,Real Estate,https://www.unitedrealestatewashingtondc.com/
Real Estate,Real Estate,https://www.chatelrealestate.com/
Restaurant/Food Service,Restaurant,https://www.tripadvisor.com/Restaurants-g28970-Washington_DC_District_of_Columbia.html
Restaurant/Food Service,Restaurant,https://www.restaurant.com/
Restaurant/Food Service,Restaurant,https://dc.eater.com/maps/dc-best-restaurants-38
Restaurant/Food Service,Restaurant,https://en.wikipedia.org/wiki/Restaurant
Restaurant/Food Service,Restaurant,https://washington.org/visit-dc/hot-new-restaurants-try-now-washington-dc
Restaurant/Food Service,Restaurant,https://www.opentable.com/g/washington-dc/district-of-columbia-restaurants
Restaurant/Food Service,Restaurant,https://www.ramw.org/
Restaurant/Food Service,Restaurant,https://www.equinoxrestaurant.com/
Restaurant/Food Service,Restaurant,https://www.wharfdc.com/restaurants/
Restaurant/Food Service,Restaurant,https://thehamiltondc.com/restaurant
Restaurant/Food Service,Food Service,https://en.wikipedia.org/wiki/Foodservice
Restaurant/Food Service,Food Service,"https://www.indeed.com/q-Food-Service-Worker-l-Washington,-DC-jobs.html"
Restaurant/Food Service,Food Service,"https://www.indeed.com/q-Food-Service-l-Washington,-DC-jobs.html"
Restaurant/Food Service,Food Service,https://foodservicedirect.com/
Restaurant/Food Service,Food Service,https://dcist.com/story/17/06/07/the-best-meal-delivery-services-in-1/
Restaurant/Food Service,Food Service,https://www.washingtonpost.com/news/going-out-guide/wp/2015/09/16/we-ordered-lunch-from-seven-d-c-food-delivery-services-heres-who-fed-us-fastest/
Restaurant/Food Service,Food Service,https://www.usfoods.com/
Restaurant/Food Service,Food Service,https://dchealth.dc.gov/service/food-safety-and-hygiene-inspection-services-division
Restaurant/Food Service,Food Service,https://www.foodservice.com/
Restaurant/Food Service,Restaurant Food Service,https://www.sysco.com/
Restaurant/Food Service,Restaurant Food Service,https://www.usfoods.com/
Restaurant/Food Service,Restaurant Food Service,https://www.webstaurantstore.com/
Restaurant/Food Service,Restaurant Food Service,https://www.fastcasual.com/companies/directory/
Restaurant/Food Service,Restaurant Food Service,https://www.amazon.com/Food-Service-Equipment-Supplies/b?ie=UTF8&node=6054382011
Restaurant/Food Service,Restaurant Food Service,https://en.wikipedia.org/wiki/Foodservice
Restaurant/Food Service,Restaurant Food Service,https://foodservicedirect.com/
Restaurant/Food Service,Restaurant Food Service,https://www.gfs.com/en-us/who-we-serve
Restaurant/Food Service,Restaurant Food Service,https://www.doordash.com/
Restaurant/Food Service,Restaurant Food Service,https://www.mainepointe.com/industries/restaurants-and-food-service-providers
Retail,Retail,https://en.wikipedia.org/wiki/Retail
Retail,Retail,https://erply.com/what-is-retail/
Retail,Retail,https://nrf.com/resources/top-retailers/top-100-retailers
Retail,Retail,https://www.retaildive.com/
Retail,Retail,https://www.forbes.com/retail/
Retail,Retail,https://www.merriam-webster.com/dictionary/retail
Retail,Retail,https://www.cnbc.com/retail/
Retail,Retail,https://www.shopify.com/encyclopedia/retail
Retail,Retail,https://www.bizjournals.com/washington/news/retailing
Retail,Retail,"https://www.indeed.com/q-Retail-l-Washington,-DC-jobs.html"
Sales,Sales,https://www.salesforce.com/
Sales,Sales,https://en.wikipedia.org/wiki/Sales
Sales,Sales,"https://www.indeed.com/q-Sales-l-Washington,-DC-jobs.html"
Sales,Sales,https://blog.hubspot.com/sales/what-is-sales
Sales,Sales,https://www.simplyhired.com/search?q=sales&l=washington%2C+dc
Sales,Sales,https://www.linkedin.com/jobs/view/entry-level-software-sales-inside-sales-%2470k%2B-at-turas-recruiting-group-1231817882
Sales,Sales,https://www.forever21.com/us/shop/catalog/category/f21/sale
Sales,Sales,https://wearenotsales.com/
Telecommunications,Telecommunications,https://www.brainblogger.com/2013/04/13/telecommunication-in-healthcare/
Telecommunications,Telecommunications,https://en.wikipedia.org/wiki/Telecommunication
Telecommunications,Telecommunications,https://www.techopedia.com/definition/5570/telecommunications
Telecommunications,Telecommunications,https://searchnetworking.techtarget.com/definition/telecommunications-telecom
Telecommunications,Telecommunications,https://www.britannica.com/technology/telecommunication
Telecommunications,Telecommunications,https://study.com/academy/lesson/the-components-of-a-telecommunications-system.html
Telecommunications,Telecommunications,https://study.com/academy/lesson/the-components-of-a-telecommunications-system.html
Telecommunications,Telecommunications,https://www.naco.org/advocacy/policies-and-committees/telecommunications-technology-steering-committee
Telecommunications,Telecommunications,"https://www.indeed.com/q-Telecom-l-Washington,-DC-jobs.html"
Telecommunications,Telecommunications,https://www.sciencedirect.com/topics/computer-science/telecommunication
Telecommunications,Telecommunications,https://www.apnews.com/Telecommunications
Transportation/Logistics,Transportation,https://www.transportation.gov/
Transportation/Logistics,Transportation,https://www.intelligenttransport.com/transport-articles/76442/2019-year-integration-mulitmodality/
Transportation/Logistics,Transportation,https://en.wikipedia.org/wiki/Transport
Transportation/Logistics,Transportation,http://www.bbcexpress.com/
Transportation/Logistics,Transportation,https://transportation.house.gov/
Transportation/Logistics,Transportation,https://www.britannica.com/technology/transportation-technology
Transportation/Logistics,Transportation,https://fleettransportation.com/
Transportation/Logistics,Transportation,https://www.virginiadot.org/
Transportation/Logistics,Transportation,https://ddot.dc.gov/
Transportation/Logistics,Transportation,https://www.wired.com/category/transportation/
Transportation/Logistics,Transportation,https://washington.org/meetings/transportation-meetings-conventions-washington-dc
Transportation/Logistics,Logistics,https://www.sdcexec.com/3pl-4pl/blog/21035265/is-logistics-your-strategic-advantage
Transportation/Logistics,Logistics,https://www.logisticsmgmt.com/
Transportation/Logistics,Logistics,https://en.wikipedia.org/wiki/Logistics
Transportation/Logistics,Logistics,https://www.merriam-webster.com/dictionary/logistics
Transportation/Logistics,Logistics,https://www.investopedia.com/terms/l/logistics.asp
Transportation/Logistics,Logistics,https://www.shopify.com/encyclopedia/logistics
Transportation/Logistics,Logistics,https://www.ups.com/us/en/services/resource-center/Logistics-Definition.page
Transportation/Logistics,Logistics,https://searcherp.techtarget.com/definition/logistics
Transportation/Logistics,Logistics,https://www.youtube.com/watch?v=Vu3o2-3uSKE
Transportation/Logistics,Logistics,https://www.youtube.com/watch?v=Vu3o2-3uSKE
Transportation/Logistics,Logistics,https://www.ttnews.com/top50/logistics/2019
Transportation/Logistics,Transportation Logistics,https://cerasis.com/transportation-and-logistics-management/
Transportation/Logistics,Transportation Logistics,https://bizfluent.com/about-6515100-transportation-logistics-.html
Transportation/Logistics,Transportation Logistics,https://learn.org/articles/What_is_Transportation_Logistics_Management.html
Transportation/Logistics,Transportation Logistics,https://www.forbes.com/sites/insights-penske/2018/09/04/the-4-forces-transforming-logistics-supply-chain-and-transportation-today/
Transportation/Logistics,Transportation Logistics,https://www.ttnews.com/top50/logistics/2019
Transportation/Logistics,Transportation Logistics,https://www.internationalstudent.com/study-transportation-and-logistics/careers-in-transportation-logistics/
Transportation/Logistics,Transportation Logistics,https://www.encyclopedia.com/management/encyclopedias-almanacs-transcripts-and-maps/logistics-and-transportation
Transportation/Logistics,Transportation Logistics,https://www.selectusa.gov/logistics-and-transportation-industry-united-states
Transportation/Logistics,Transportation Logistics,https://ryder.com/industries/transportation-logistics
Transportation/Logistics,Transportation Logistics,https://www.brightworkresearch.com/fourthpartylogistics/2017/01/definition-transport-logistics-logistics-transportation/
Upper Management/Consulting,Upper Management,https://www.mbaskool.com/business-concepts/human-resources-hr-terms/11394-upper-management.html
Upper Management/Consulting,Upper Management,https://www.spearhead-training.co.uk/in-company-training/management-training/senior-management-training
Upper Management/Consulting,Upper Management,https://www.investopedia.com/terms/u/upper-management.asp
Upper Management/Consulting,Upper Management,https://en.wikipedia.org/wiki/Senior_management
Upper Management/Consulting,Upper Management,https://www.mbaskool.com/business-concepts/human-resources-hr-terms/11394-upper-management.html
Upper Management/Consulting,Upper Management,https://www.thefreedictionary.com/Upper+management
Upper Management/Consulting,Upper Management,https://educalingo.com/en/dic-en/upper-management
Upper Management/Consulting,Upper Management,https://www.collinsdictionary.com/us/dictionary/english/upper-management
Upper Management/Consulting,Upper Management,https://unito.io/blog/does-your-upper-management-suck-heres-what-to-do-about-it/
Upper Management/Consulting,Upper Management,https://courses.lumenlearning.com/boundless-business/chapter/types-of-management/
Upper Management/Consulting,Upper Management,https://www.profocustechnology.com/software-development/managing-up-14-strategies-working-with-upper-management/
Upper Management/Consulting,Upper Management,https://www.flexjobs.com/blog/post/8-skills-for-upper-management-jobs/
Upper Management/Consulting,Consulting,https://www.consulting.com/what-is-consulting-definition
Upper Management/Consulting,Consulting,https://www.consultancy.eu/news/912/the-top-20-strategy-consulting-firms-to-work-for-in-france
Upper Management/Consulting,Consulting,https://www.consulting.com/types-of-consulting-careers
Upper Management/Consulting,Consulting,https://en.wikipedia.org/wiki/Consultant
Upper Management/Consulting,Consulting,https://www.merriam-webster.com/dictionary/consulting
Upper Management/Consulting,Consulting,https://hbr.org/1982/09/consulting-is-more-than-giving-advice
Upper Management/Consulting,Consulting,https://www.bain.com/careers/roles/consultant/
Upper Management/Consulting,Consulting,https://managementconsulted.com/consulting-office-selection/top-10-consulting-firms-washington-dc/
Upper Management/Consulting,Consulting,"https://www.indeed.com/q-Management-Consultant-l-Washington,-DC-jobs.html"
Upper Management/Consulting,Consulting,"https://www.indeed.com/q-Consulting-Firm-l-Washington,-DC-jobs.html"
Upper Management/Consulting,Consulting,https://www.expertise.com/dc/washington/business-consultants
Upper Management/Consulting,Upper Management Consulting,https://www.indeed.com/q-Upper-Management-Consulting-jobs.html
Upper Management/Consulting,Upper Management Consulting,https://www.indeed.com/find-jobs.jsp?cat=Upper+Management%2FConsulting
Upper Management/Consulting,Upper Management Consulting,https://www.themuse.com/advice/this-is-what-being-a-management-consultant-actually-means
Upper Management/Consulting,Upper Management Consulting,https://www.forbes.com/sites/vickyvalet/2019/03/19/americas-best-management-consulting-firms-2019/
Upper Management/Consulting,Upper Management Consulting,https://www.forbes.com/sites/vickyvalet/2019/03/19/americas-best-management-consulting-firms-2019/
Upper Management/Consulting,Upper Management Consulting,https://www.bain.com/careers/what-is-management-consulting/
Upper Management/Consulting,Upper Management Consulting,https://news.efinancialcareers.com/us-en/328724/pros-cons-management-consulting-jobs
Upper Management/Consulting,Upper Management Consulting,https://mconsultingprep.com/top-management-consulting-salary/
Upper Management/Consulting,Upper Management Consulting,https://mconsultingprep.com/top-management-consulting-ranking/
Upper Management/Consulting,Upper Management Consulting,https://www.businessinsider.com/why-management-consultants-make-so-much-2013-11
Upper Management/Consulting,Upper Management Consulting,https://www.zippia.com/senior-management-consultant-jobs/
Science/Research,Science,https://www.sciencemag.org/
Science/Research,Science,https://www.sciencenews.org/
Science/Research,Science,https://www.sciencedaily.com/
Science/Research,Science,https://en.wikipedia.org/wiki/Science
Science/Research,Science,https://en.wikipedia.org/wiki/Science_(journal)
Science/Research,Science,https://www.youtube.com/channel/UCv0aU2eKry3kdSTnFa8QAWA
Science/Research,Research,https://www.merriam-webster.com/dictionary/research
Science/Research,Research,https://www.merriam-webster.com/dictionary/research
Science/Research,Research,https://en.wikipedia.org/wiki/Research
Science/Research,Research,https://www.questionpro.com/blog/what-is-research/
Science/Research,Research,https://www.questionpro.com/blog/what-is-research/
Science/Research,Research,https://dictionary.cambridge.org/us/dictionary/english/research
Science/Research,Research,https://www.researchgate.net/
Science/Research,Research,https://www.dictionary.com/browse/research
Science/Research,Research,https://www.researchinformation.info/
Science/Research,Research,https://www.microsoft.com/en-us/research/
Science/Research,Research,https://www.american.edu/research/
Science/Research,Research,https://www.nature.com/nature/research
Science/Research,Science Research,https://www.sciencedaily.com/index.htm
Science/Research,Science Research,http://www.sciencepublishinggroup.com/j/sr
Science/Research,Science Research,https://www.fda.gov/science-research
Science/Research,Science Research,https://www.sciencemag.org/journal-department/research-article
Science/Research,Science Research,https://science.sciencemag.org/content/361/6408/1178
Science/Research,Science Research,https://endpoints.elysiumhealth.com/best-science-websites-947a22b6df32
Science/Research,Science Research,https://courses.lumenlearning.com/suny-hccc-research-methods/chapter/chapter-1-science-and-scientific-research/
Science/Research,Science Research,https://www.sciencedirect.com/
Science/Research,Science Research,https://study.com/academy/lesson/what-is-scientific-research.html
Science/Research,Science Research,https://study.com/academy/lesson/what-is-scientific-research.html
Science/Research,Science Research,https://www.popsci.com/read/science-research-projects
Agriculture,Agriculture,https://www.nationalgeographic.org/encyclopedia/agriculture/
Agriculture,Agriculture,https://m.economictimes.com/news/economy/agriculture/30-per-cent-of-funds-in-agriculture-schemes-being-earmarked-for-women-government/articleshow/60295164.cms
Agriculture,Agriculture,https://www.agriculture.com/
Agriculture,Agriculture,https://en.wikipedia.org/wiki/Agriculture
Agriculture,Agriculture,https://www.sciencedaily.com/terms/agriculture.htm
Agriculture,Agriculture,https://www.usda.gov/media/press-releases/2019/04/11/2017-census-agriculture-data-now-available
Agriculture,Agriculture,https://www.nationalgeographic.org/encyclopedia/agriculture/
Agriculture,Agriculture,https://agriculture.house.gov/
Agriculture,Agriculture,https://www.newworldencyclopedia.org/entry/Agriculture
Agriculture,Agriculture,https://www.dictionary.com/browse/agriculture
Agriculture,Agriculture,https://www.mdpi.com/journal/agriculture
Social/Community,Social,https://www.merriam-webster.com/dictionary/social
Social/Community,Social,https://en.wikipedia.org/wiki/Social
Social/Community,Social,https://www.dictionary.com/browse/social
Social/Community,Social,https://dictionary.cambridge.org/us/dictionary/english/social
Social/Community,Social,https://en.wiktionary.org/wiki/social
Social/Community,Social,https://www.collinsdictionary.com/us/dictionary/english/social
Social/Community,Social,https://www.definitions.net/definition/social
Social/Community,Social,https://www.thefreedictionary.com/social
Social/Community,Social,https://www.ssa.gov/
Social/Community,Social,https://www.npr.org/sections/health-shots/2019/10/22/772415313/more-lols-fewer-zzzs-teens-may-be-losing-sleep-over-social-media
Social/Community,Community,http://google.com/search?tbm=isch&q=Community
Social/Community,Community,https://en.wikipedia.org/wiki/Community_(TV_series)
Social/Community,Community,https://www.imdb.com/title/tt1439629/
Social/Community,Community,https://www.merriam-webster.com/dictionary/community
Social/Community,Community,https://www.dictionary.com/browse/community
Social/Community,Community,https://www.hulu.com/series/community-200c56d4-124c-41a1-b7d2-688f86f432bf
Social/Community,Community,https://www.youtube.com/watch?v=C4W4L9TLJa8
Social/Community,Community,https://www.youtube.com/watch?v=C4W4L9TLJa8
Social/Community,Community,https://www.thesaurus.com/browse/community
Social/Community,Community,https://www.communitypro.com/
Social/Community,Community,https://www.facebook.com/pages/category/community/
Social/Community,Community,https://www.community.com/
Social/Community,Social Community,https://www.successful-blog.com/1/what-is-a-social-community/
Social/Community,Social Community,https://www.cmnty.com/blog/4-examples-social-communities-business/
Social/Community,Social Community,https://www.meltwater.com/blog/social-communities/
Social/Community,Social Community,https://www.igi-global.com/dictionary/knowledge-building-through-collaborative-web/27295
Social/Community,Social Community,https://www.scraawl.com/product/2016/09/19/discovering-communities-in-social-networks/
Social/Community,Social Community,https://www.socialmediaexaminer.com/build-a-social-community-4-tips/
Social/Community,Social Community,https://en.wikipedia.org/wiki/Community
Social/Community,Social Community,https://www.i-scoop.eu/online-communities-social-communities-primer/
Social/Community,Social Community,http://www.sociologydiscussion.com/social-community/social-community-meaning-types-and-features/2266
Social/Community,Social Community,https://www.convinceandconvert.com/content-marketing/its-time-to-own-your-social-community/
Social/Community,Social Community,https://www.targetinternet.com/5-examples-of-incredible-social-media-community-management/
Sport/Leisure,Sport,https://www.dictionary.com/browse/sport
Sport/Leisure,Sport,https://en.wikipedia.org/wiki/Sport
Sport/Leisure,Sport,https://www.merriam-webster.com/dictionary/sport
Sport/Leisure,Sport,https://www.theguardian.com/us/sport
Sport/Leisure,Sport,https://www.msn.com/en-us/sports
Sport/Leisure,Sport,https://www.bbc.com/sport
Sport/Leisure,Sport,https://www.nytimes.com/section/sports
Sport/Leisure,Sport,https://edition.cnn.com/sport
Sport/Leisure,Sport,https://www.youtube.com/channel/UCEgdi0XIXXZ-qJOFPf4JSKw
Sport/Leisure,Leisure,https://www.merriam-webster.com/dictionary/leisure
Sport/Leisure,Leisure,https://www.dictionary.com/browse/leisure
Sport/Leisure,Leisure,https://en.wikipedia.org/wiki/Leisure
Sport/Leisure,Leisure,https://en.wiktionary.org/wiki/leisure
Sport/Leisure,Leisure,https://dictionary.cambridge.org/dictionary/english/leisure
Sport/Leisure,Leisure,https://en.oxforddictionaries.com/definition/leisure
Sport/Leisure,Leisure,https://www.britannica.com/topic/leisure
Sport/Leisure,Leisure,https://www.thesaurus.com/browse/leisure
Sport/Leisure,Leisure,https://www.etymonline.com/word/leisure
Sport/Leisure,Leisure,https://twitter.com/le_isure?lang=en
Sport/Leisure,Sport Leisure,https://www.sportsleisure.com/
Sport/Leisure,Sport Leisure,https://www.sportsleisure.com/vacations/categories/day-trips
Sport/Leisure,Sport Leisure,https://www.prospects.ac.uk/careers-advice/what-can-i-do-with-my-degree/sport-and-leisure-management
Sport/Leisure,Sport Leisure,https://librarianresources.taylorandfrancis.com/collection/sport-leisure-tourism-subject-collection/
Sport/Leisure,Sport Leisure,http://www.ushistory.org/us/39b.asp
Sport/Leisure,Sport Leisure,http://www.sporte-leisure.com.au/
Sport/Leisure,Sport Leisure,https://www.ncbi.nlm.nih.gov/books/NBK310922/
Sport/Leisure,Sport Leisure,https://www.south-ayrshire.gov.uk/leisure/
Sport/Leisure,Sport Leisure,https://www.tandfonline.com/toc/rmle21/current
Sport/Leisure,Sport Leisure,https://lamangaclub.com/en/sports-leisure
Gaming,Gaming,https://www.youtube.com/gaming/
Gaming,Gaming,https://en.wikipedia.org/wiki/Gaming
Gaming,Gaming,https://www.polygon.com/gaming
Gaming,Gaming,https://www.theverge.com/games
Gaming,Gaming,https://www.cnet.com/games/
Gaming,Gaming,https://www.pcgamer.com/news/
Gaming,Gaming,https://www.pcgamer.com/
Gaming,Gaming,https://www.eventbrite.com/d/dc--washington/games/
Gaming,Gaming,https://www.yelp.com/search?find_desc=gaming+pc+cafe&find_loc=Washington%2C+DC
Gaming,Gaming,https://www.washingtonpost.com/technology/video-gaming/
Personal Service,Personal Service,https://www.merriam-webster.com/legal/personal%20service
Personal Service,Personal Service,https://dictionary.law.com/Default.aspx?selected=1519
Personal Service,Personal Service,https://legal-dictionary.thefreedictionary.com/Personal+Service
Personal Service,Personal Service,https://www.merriam-webster.com/legal/personal%20service
Personal Service,Personal Service,https://www.nolo.com/legal-encyclopedia/free-books/small-claims-book/chapter11-4.html
Personal Service,Personal Service,http://www.duhaime.org/LegalDictionary/P/PersonalService.aspx
Personal Service,Personal Service,https://en.wikipedia.org/wiki/Personal_service
Personal Service,Personal Service,https://en.wikipedia.org/wiki/Service_of_process
Personal Service,Personal Service,https://www.investopedia.com/terms/p/personal-service-activity.asp
Personal Service,Personal Service,https://www.investopedia.com/terms/p/personal-service-corporation.asp
Personal Service,Personal Service,http://www.businessdictionary.com/definition/personal-service.html
Other,Other,https://www.merriam-webster.com/dictionary/other
Other,Other,https://www.merriam-webster.com/thesaurus/other
Other,Other,https://www.dictionary.com/browse/other
Other,Other,https://en.wiktionary.org/wiki/other
Other,Other,https://dictionary.cambridge.org/us/dictionary/english/other
Other,Other,https://www.thesaurus.com/browse/other
Other,Other,https://www.researchgate.net/publication/289433458_Non-Human_Otherness_Animals_as_Others_and_Devices_for_Othering
Other,Other,https://www.definitions.net/definition/other
Other,Other,https://en.wikipedia.org/wiki/Other_(philosophy)
Other,Other,https://en.wikipedia.org/wiki/Other
Oil/Gas/Energy,Oil,https://en.wikipedia.org/wiki/Oil
Oil/Gas/Energy,Oil,https://oilprice.com/
Oil/Gas/Energy,Oil,https://oilprice.com/Energy/Energy-General/Goldman-A-Major-Oil-Price-Rally-Is-On-The-Horizon.html
Oil/Gas/Energy,Oil,https://www.cnbc.com/oil/
Oil/Gas/Energy,Oil,https://markets.businessinsider.com/commodities/oil-price?type=wti
Oil/Gas/Energy,Oil,http://www.oil.com/
Oil/Gas/Energy,Oil,https://www.bloomberg.com/energy
Oil/Gas/Energy,Oil,https://www.energy.gov/oil
Oil/Gas/Energy,Oil,https://www.spglobal.com/platts/en/commodities/oil
Oil/Gas/Energy,Gas,https://www.washingtongas.com/
Oil/Gas/Energy,Gas,https://www.washingtongas.com/help/contact
Oil/Gas/Energy,Gas,https://medlineplus.gov/gas.html
Oil/Gas/Energy,Gas,https://eservice.washgas.com/
Oil/Gas/Energy,Gas,https://en.wikipedia.org/wiki/Gas
Oil/Gas/Energy,Gas,https://www.webmd.com/heartburn-gerd/gas-causes-treatments
Oil/Gas/Energy,Gas,https://www.merriam-webster.com/dictionary/gas
Oil/Gas/Energy,Gas,https://en.wiktionary.org/wiki/gas
Oil/Gas/Energy,Gas,https://www.dictionary.com/browse/gas
Oil/Gas/Energy,Gas,https://www.swgas.com/
Oil/Gas/Energy,Energy,https://physicsworld.com/a/global-energy-in-2050-can-renewables-supply-it-all/
Oil/Gas/Energy,Energy,https://en.wikipedia.org/wiki/Energy
Oil/Gas/Energy,Energy,https://www.energy.gov/
Oil/Gas/Energy,Energy,https://www.merriam-webster.com/dictionary/energy
Oil/Gas/Energy,Energy,https://www.dictionary.com/browse/energy
Oil/Gas/Energy,Energy,https://www.britannica.com/science/energy
Oil/Gas/Energy,Energy,https://www.eia.gov/energyexplained/what-is-energy/
Oil/Gas/Energy,Energy,https://www.explainthatstuff.com/energy.html
Oil/Gas/Energy,Energy,https://dictionary.cambridge.org/us/dictionary/english/energy
Oil/Gas/Energy,Energy,https://www.forbes.com/energy/
Oil/Gas/Energy,Oil Gas Energy,https://en.wikipedia.org/wiki/Energy_industry
Oil/Gas/Energy,Oil Gas Energy,https://www.energy.gov/fe/science-innovation/oil-gas-research
Oil/Gas/Energy,Oil Gas Energy,https://www.pwc.com/gx/en/industries/energy-utilities-resources/oil-gas-energy.html
Oil/Gas/Energy,Oil Gas Energy,http://www.energy-oil-gas.com/
Oil/Gas/Energy,Oil Gas Energy,https://www.oilandgasiq.com/strategy-management-and-information/articles/oil-gas-industry-an-introduction
Oil/Gas/Energy,Oil Gas Energy,https://www.boem.gov/Oil-and-Gas-Energy-Program/
Oil/Gas/Energy,Oil Gas Energy,https://www.eia.gov/energyexplained/oil-and-petroleum-products/offshore-oil-and-gas.php
Oil/Gas/Energy,Oil Gas Energy,https://www.investopedia.com/terms/e/energy_sector.asp
Oil/Gas/Energy,Oil Gas Energy,https://www.globalenergyinstitute.org/oil-and-natural-gas
Business/Analyst,Business,https://en.wikipedia.org/wiki/Business
Business/Analyst,Business,https://en.wikipedia.org/wiki/Business
Business/Analyst,Business,https://www.forbes.com/business/
Business/Analyst,Business,https://www.business.com/
Business/Analyst,Business,https://business.dc.gov/
Business/Analyst,Business,https://www.nytimes.com/section/business
Business/Analyst,Business,https://www.merriam-webster.com/dictionary/business
Business/Analyst,Business,https://www.wsj.com/news/business
Business/Analyst,Business,https://www.businessinsider.com/
Business/Analyst,Analyst,https://en.wikipedia.org/wiki/Analyst
Business/Analyst,Analyst,https://www.merriam-webster.com/dictionary/analyst
Business/Analyst,Analyst,https://www.rsc.org/journals-books-databases/about-journals/analyst/
Business/Analyst,Analyst,https://www.dictionary.com/browse/analyst
Business/Analyst,Analyst,https://dictionary.cambridge.org/us/dictionary/english/analyst
Business/Analyst,Analyst,"https://www.glassdoor.com/Job/analyst-jobs-SRCH_KO0,7.htm"
Business/Analyst,Analyst,https://en.wiktionary.org/wiki/analyst
Business/Analyst,Analyst,https://www.investopedia.com/terms/a/analyst.asp
Business/Analyst,Analyst,https://www.indeed.com/q-Analyst-jobs.html
Business/Analyst,Business Analyst,https://en.wikipedia.org/wiki/Business_analyst
Business/Analyst,Business Analyst,https://masterstart.com/blog/business-systems-analysis/what-is-the-role-of-a-business-analyst/
Business/Analyst,Business Analyst,"https://www.glassdoor.com/Job/business-analyst-jobs-SRCH_KO0,16.htm"
Business/Analyst,Business Analyst,https://www.cio.com/article/2436638/project-management-what-do-business-analysts-actually-do-for-software-implementation-projects.html
Business/Analyst,Business Analyst,https://en.wikipedia.org/wiki/Business_analyst
Business/Analyst,Business Analyst,https://www.discoverdatascience.org/career-information/business-analyst/
Business/Analyst,Business Analyst,https://www.thebalancecareers.com/government-job-profile-business-analyst-1669620
Business/Analyst,Business Analyst,"https://www.indeed.com/q-Business-Analyst-l-Washington,-DC-jobs.html"
Business/Analyst,Business Analyst,"https://www.indeed.com/q-IT-Business-Analyst-l-Washington,-DC-jobs.html"
Business/Analyst,Business Analyst,https://elabor8.com.au/what-does-a-business-analyst-actually-do/
Business/Analyst,Business Analyst,https://www.villanovau.com/resources/business-analysis/business-analyst-job-description/
Business/Analyst,Business Analyst,https://www.linkedin.com/jobs/business-analyst-jobs-washington-dc
Environmental,Environmental,https://www.dictionary.com/browse/environmental
Environmental,Environmental,https://www.epa.gov/environmental-topics
Environmental,Environmental,https://www.edf.org/
Environmental,Environmental,https://dictionary.cambridge.org/us/dictionary/english/environmental
Environmental,Environmental,https://en.wiktionary.org/wiki/environmental
Environmental,Environmental,"https://www.indeed.com/q-Environmental-l-Washington,-DC-jobs.html"
Environmental,Environmental,https://doee.dc.gov/
Environmental,Environmental,https://doee.dc.gov/service/environmental-services
Environmental,Environmental,https://www.simplyhired.com/search?q=environmental&l=washington%2C+dc
Environmental,Environmental,"https://www.glassdoor.com/Job/washington-environmental-jobs-SRCH_IL.0,10_IC1138213_KO11,24.htm"
Media,Media,https://en.wikipedia.org/wiki/Media_(communication)
Media,Media,https://www.merriam-webster.com/dictionary/media
Media,Media,https://en.wikipedia.org/wiki/Media
Media,Media,https://www.youtube.com/watch?v=KRsix3bi0jU
Media,Media,https://en.wikipedia.org/wiki/Media_(communication)
Media,Media,https://www.dictionary.com/browse/media
Media,Media,https://www.cnbc.com/media/
Media,Media,https://www.nytimes.com/section/business/media
Media,Media,https://www.foxnews.com/media
Media,Media,https://www.socialmediatoday.com/
Media,Media,https://www.theguardian.com/us/media
Media,Media,https://www.mediapost.com/
Project Management,Project Management,https://en.wikipedia.org/wiki/Project_management
Project Management,Project Management,https://www.jkpev.de/en/fundraising-project-management/
Project Management,Project Management,https://www.pmi.org/about/learn-about-pmi/what-is-project-management
Project Management,Project Management,https://en.wikipedia.org/wiki/Project_management
Project Management,Project Management,https://managementhelp.org/projectmanagement/index.htm
Project Management,Project Management,https://www.projectmanagement.com/
Project Management,Project Management,https://www.apm.org.uk/resources/what-is-project-management/
Project Management,Project Management,https://www.paymoapp.com/blog/the-complete-project-manager-guide/
Project Management,Project Management,https://www.teamgantt.com/guide-to-project-management/what-is-project-management
Project Management,Project Management,https://www.smartsheet.com/blog/demystifying-5-phases-project-management
Project Management,Project Management,https://www.investopedia.com/terms/p/project-management.asp
Project Management,Project Management,https://www.youtube.com/watch?v=Jk-JwtScIlw
Project Management,Project Management,https://www.youtube.com/watch?v=Jk-JwtScIlw
Public Sector,Public Sector,https://en.wikipedia.org/wiki/Public_sector
Public Sector,Public Sector,https://www.ipma-hr.org/advance-your-career/courses/public-sector-hr-essentials
Public Sector,Public Sector,http://www.privacysense.net/terms/public-sector/
Public Sector,Public Sector,https://www.britannica.com/topic/public-sector
Public Sector,Public Sector,https://whatis.techtarget.com/definition/public-sector
Public Sector,Public Sector,https://www.myaccountingcourse.com/accounting-dictionary/public-sector
Public Sector,Public Sector,https://www.merriam-webster.com/dictionary/public%20sector
Public Sector,Public Sector,http://www.businessdictionary.com/definition/public-sector.html
Public Sector,Public Sector,https://www.investopedia.com/terms/p/private-sector.asp
Public Sector,Public Sector,https://www.mckinsey.com/industries/public-sector/our-insights
